{"accuracy": [0.5880219340324402, 0.8593640923500061, 0.9141333103179932, 0.9408350586891174, 0.9556013941764832, 0.9659292697906494, 0.9705526828765869, 0.9744505286216736, 0.979714035987854, 0.9812646508216858], "loss": [1.395891547203064, 0.4441964328289032, 0.26649510860443115, 0.18105998635292053, 0.13657042384147644, 0.10488654673099518, 0.090040422976017, 0.0774797648191452, 0.0615062490105629, 0.057856373488903046], "val_accuracy": [0.8503869771957397, 0.9100273251533508, 0.9162303805351257, 0.9361484050750732, 0.9429774880409241, 0.9492374062538147, 0.9586273431777954, 0.9478147029876709, 0.9505463242530823, 0.9655702114105225], "val_loss": [0.4834865629673004, 0.27580082416534424, 0.26170727610588074, 0.20421694219112396, 0.18177011609077454, 0.18108868598937988, 0.14323833584785461, 0.18753159046173096, 0.16622404754161835, 0.12101265788078308]}